{
  "project_info": {
    "project_number": "722848400715",
    "firebase_url": "https://chiquinho-gaviao-default-rtdb.firebaseio.com",
    "project_id": "chiquinho-gaviao",
    "storage_bucket": "chiquinho-gaviao.appspot.com"
  },
  "client": [
    {
      "client_info": {
        "mobilesdk_app_id": "1:722848400715:android:d4adabc742ed9d061794ce",
        "android_client_info": {
          "package_name": "com.example.testechiquinhogaviao"
        }
      },
      "oauth_client": [
        {
          "client_id": "722848400715-ti1armpq7rm4ujf6j7fe2rbp1deqte4n.apps.googleusercontent.com",
          "client_type": 3
        }
      ],
      "api_key": [
        {
          "current_key": "AIzaSyDesyxKUPZyuZKylU2Q8tOt9GRc2PDvgsA"
        }
      ],
      "services": {
        "appinvite_service": {
          "other_platform_oauth_client": [
            {
              "client_id": "722848400715-ti1armpq7rm4ujf6j7fe2rbp1deqte4n.apps.googleusercontent.com",
              "client_type": 3
            }
          ]
        }
      }
    },
    {
      "client_info": {
        "mobilesdk_app_id": "1:722848400715:android:67b416206aa6d4fb1794ce",
        "android_client_info": {
          "package_name": "com.example.testevocaional"
        }
      },
      "oauth_client": [
        {
          "client_id": "722848400715-ti1armpq7rm4ujf6j7fe2rbp1deqte4n.apps.googleusercontent.com",
          "client_type": 3
        }
      ],
      "api_key": [
        {
          "current_key": "AIzaSyDesyxKUPZyuZKylU2Q8tOt9GRc2PDvgsA"
        }
      ],
      "services": {
        "appinvite_service": {
          "other_platform_oauth_client": [
            {
              "client_id": "722848400715-ti1armpq7rm4ujf6j7fe2rbp1deqte4n.apps.googleusercontent.com",
              "client_type": 3
            }
          ]
        }
      }
    }
  ],
  "configuration_version": "1"
}